Workbook

Sheet 基础计算表
A1: 角色等级 | B1: 怪物等级
A2: 90 | B2: 90 | E2: 伤害1 | F2: 伤害2 | G2: 对比
A3: 属性区 | B3: 倍率区 | D3: 未暴击伤害 | E3: =A4*B4*(1+A6)*(1+B6)*A10*B10 -> 0 | F3: 0 | G3: =IF(F3=0,0,(E3-F3)/F3) -> 0
A4: 0 | B4: 0 | D4: 暴击伤害 | E4: =A4*B4*(1+A6)*(1+B6)*A10*B10*(1+B8) -> 0 | F4: 0 | G4: =IF(F4=0,0,(E4-F4)/F4) -> 0
A5: 增伤区 | B5: 伤害加深区 | D5: 期望伤害 | E5: =A4*B4*(1+A6)*(1+B6)*A10*B10*(1+A8*B8) -> 0 | F5: 0 | G5: =IF(F5=0,0,(E5-F5)/F5) -> 0
A6: 0 | B6: 0
A7: 暴击率 | B7: 暴击伤害
A8: 0 | B8: 0
A9: 防御区 | B9: 抗性区
A10: =(100+A2)/(199+A2+B2) -> 0.50131926 | B10: 0.9

Sheet 武器数据库
A1: 武器类型 | B1: 稀有度 | C1: 武器名称 | D1: 白值 | E1: 攻击力 | F1: 暴击率 | G1: 暴击伤害
A2: 长刃 | B2: 5 | C2: 时和岁稔 | D2: 587 | E2: 0 | F2: 0.243 | G2: 0 | K2: 时和岁稔 | L2: 属性增伤 | M2: 共鸣 | N2: 苍鳞千嶂 | O2: 属性增伤 | P2: 重击增伤
A3: 长刃 | B3: 5 | C3: 浩境粼光 | D3: 587 | E3: 0.364 | F3: 0 | G3: 0 | K3: 1 | L3: 0.12 | M3: 0.24 | N3: 1 | O3: 0.12 | P3: 0.12
A4: 长刃 | B4: 5 | C4: 苍鳞千嶂 | D4: 587 | E4: 0 | F4: 0 | G4: 0.486 | K4: 2 | L4: 0.15 | M4: =M3+6% -> 0.3 | N4: 2 | O4: 0.15 | P4: 0.15
A5: 臂铠 | B5: 5 | C5: 擎渊怒涛 | D5: 587 | E5: 0.364 | F5: 0 | G5: 0 | K5: 3 | L5: 0.18 | M5: =M4+6% -> 0.36 | N5: 3 | O5: 0.18 | P5: 0.18
A6: 迅刀 | B6: 5 | C6: 千古洑流 | D6: 587 | E6: 0 | F6: 0.243 | G6: 0 | K6: 4 | L6: 0.21 | M6: =M5+6% -> 0.42 | N6: 4 | O6: 0.21 | P6: 0.21
A7: 迅刀 | B7: 5 | C7: 赫奕流明 | D7: 587 | E7: 0 | F7: 0 | G7: 0.486 | K7: 5 | L7: 0.24 | M7: =M6+6% -> 0.48 | N7: 5 | O7: 0.24 | P7: 0.24
A8: 音感仪 | B8: 5 | C8: 掣傀之手 | D8: 500 | E8: 0 | F8: 0.36 | G8: 0 | K8: 浩境粼光 | L8: Q增伤
K9: 1 | L9: 0.07
K10: 2 | L10: 0.0875
K11: 3 | L11: =L10+1.75% -> 0.105
K12: 4 | L12: =L11+1.75% -> 0.1225
K13: 5 | L13: =L12+1.75% -> 0.14

Sheet 今汐
A1: 命座 | B1: 武器名称 | C1: 精炼等级 | D1: 技能名称 | E1: 技能倍率 | F1: 攻击力 | G1: 增伤区 | H1: 伤害加深区 | I1: 暴击率 | J1: 暴击伤害 | K1: 防御区 | L1: 抗性区 | M1: 暴击伤害 | N1: 期望伤害 | O1: 标签
A2: 0 | B2: 时和岁稔 | C2: 1 | D2: 蟠龙清辉 | E2: =VLOOKUP(D2,$B$30:$D$42,2,0) -> 2.0905 | F2: =A15+A10*B29+IF(A2>2,50%*B29,0) -> 1120 | G2: =A17+A12+30% -> 0.62 | H2: 0 | I2: =B15 -> 0.373 | J2: =C15 -> 1.5 | K2: =(100+90)/(199+90+90) -> 0.50131926 | L2: 0.9 | M2: =E2*F2*(1+G2)*(1+H2)*(1+J2)*K2*L2 -> 4278.3875 | N2: =E2*F2*(1+G2)*(1+H2)*(1+I2*J2)*K2*L2 -> 2668.8581 | O2: =VLOOKUP(D2,$B$30:$D$42,3,0) -> 变奏
A3: 声骸面板 | D3: 声骸·角 | E3: =VLOOKUP(D3,$B$30:$D$42,2,0) -> 4.6722 | F3: =F2 -> 1120 | G3: =G2+16%+IF($B$2="时和岁稔",VLOOKUP($C$2,武器数据库!$K$2:$M$7,2,0),0)*2+B17 -> 1.02 | H3: =H2 -> 0 | I3: =I2 -> 0.373 | J3: =J2 -> 1.5 | K3: =K2 -> 0.50131926 | L3: =L2 -> 0.9 | M3: =E3*F3*(1+G3)*(1+H3)*(1+J3)*K3*L3 -> 11923.06 | N3: =E3*F3*(1+G3)*(1+H3)*(1+I3*J3)*K3*L3 -> 7437.6048 | O3: =VLOOKUP(D3,$B$30:$D$42,3,0) -> E
A4: 攻击力 | B4: 暴击率 | C4: 暴击伤害 | D4: 神霓飞芒1 | E4: =VLOOKUP(D4,$B$30:$D$42,2,0) -> 0.3948 | F4: =F3 -> 1120 | G4: =G3 -> 1.02 | H4: =H3 -> 0 | I4: =I3 -> 0.373 | J4: =J3 -> 1.5 | K4: =K3 -> 0.50131926 | L4: =L3 -> 0.9 | M4: =E4*F4*(1+G4)*(1+H4)*(1+J4)*K4*L4 -> 1007.4963 | N4: =E4*F4*(1+G4)*(1+H4)*(1+I4*J4)*K4*L4 -> 628.47617 | O4: =VLOOKUP(D4,$B$30:$D$42,3,0) -> E
A5: 0 | B5: 0 | C5: 0 | D5: 移岁诛邪 | E5: =VLOOKUP(D5,$B$30:$D$42,2,0) -> 4.9981 | F5: =F4 -> 1120 | G5: =IF(A2>3,20%,0)+G4-B17+C17+IF($B$2="浩境粼光",VLOOKUP($C$2,武器数据库!$K$8:$L$13,2,0))-IF($B$2="时和岁稔",VLOOKUP($C$2,武器数据库!$K$2:$M$7,2,0),0)*2 -> 0.78 | H5: =H4 -> 0 | I5: =I4 -> 0.373 | J5: =J4 -> 1.5 | K5: =K4 -> 0.50131926 | L5: =L4 -> 0.9 | M5: =E5*F5*(1+G5)*(1+H5)*(1+J5)*K5*L5 -> 11239.316 | N5: =E5*F5*(1+G5)*(1+H5)*(1+I5*J5)*K5*L5 -> 7011.0852 | O5: =VLOOKUP(D5,$B$30:$D$42,3,0) -> Q
A6: 衍射伤害 | B6: 共鸣技能 | C6: 共鸣解放 | D6: 凌霄普攻1 | E6: =VLOOKUP(D6,$B$30:$D$42,2,0) -> 0.8862 | F6: =F5 -> 1120 | G6: =G5-C17+B17+IF($B$2="时和岁稔",VLOOKUP($C$2,武器数据库!$K$2:$M$7,2,0),0)*2 -> 1.02 | H6: =H5 -> 0 | I6: =I5 -> 0.373 | J6: =J5 -> 1.5 | K6: =K5 -> 0.50131926 | L6: =L5 -> 0.9 | M6: =E6*F6*(1+G6)*(1+H6)*(1+J6)*K6*L6 -> 2261.5076 | N6: =E6*F6*(1+G6)*(1+H6)*(1+I6*J6)*K6*L6 -> 1410.7284 | O6: =VLOOKUP(D6,$B$30:$D$42,3,0) -> E
A7: 0 | B7: 0 | C7: 0 | D7: 凌霄普攻2 | E7: =VLOOKUP(D7,$B$30:$D$42,2,0) -> 1.2995 | F7: =F6 -> 1120 | G7: =G6 -> 1.02 | H7: =H6 -> 0 | I7: =I6 -> 0.373 | J7: =J6 -> 1.5 | K7: =K6 -> 0.50131926 | L7: =L6 -> 0.9 | M7: =E7*F7*(1+G7)*(1+H7)*(1+J7)*K7*L7 -> 3316.2143 | N7: =E7*F7*(1+G7)*(1+H7)*(1+I7*J7)*K7*L7 -> 2068.6545 | O7: =VLOOKUP(D7,$B$30:$D$42,3,0) -> E
A8: BUFF | D8: 凌霄普攻3 | E8: =VLOOKUP(D8,$B$30:$D$42,2,0) -> 1.6574 | F8: =F7 -> 1120 | G8: =G7 -> 1.02 | H8: =H7 -> 0 | I8: =I7 -> 0.373 | J8: =J7 -> 1.5 | K8: =K7 -> 0.50131926 | L8: =L7 -> 0.9 | M8: =E8*F8*(1+G8)*(1+H8)*(1+J8)*K8*L8 -> 4229.5449 | N8: =E8*F8*(1+G8)*(1+H8)*(1+I8*J8)*K8*L8 -> 2638.3901 | O8: =VLOOKUP(D8,$B$30:$D$42,3,0) -> E
A9: 攻击力 | B9: 暴击率 | C9: 暴击伤害 | D9: 流光夕影 | E9: =VLOOKUP(D9,$B$30:$D$42,2,0) -> 1.5568 | F9: =F8 -> 1120 | G9: =G8 -> 1.02 | H9: =H8 -> 0 | I9: =I8 -> 0.373 | J9: =J8 -> 1.5 | K9: =K8 -> 0.50131926 | L9: =L8 -> 0.9 | M9: =E9*F9*(1+G9)*(1+H9)*(1+J9)*K9*L9 -> 3972.8222 | N9: =E9*F9*(1+G9)*(1+H9)*(1+I9*J9)*K9*L9 -> 2478.2465 | O9: =VLOOKUP(D9,$B$30:$D$42,3,0) -> E
A10: 0 | B10: 0 | C10: 0 | D10: 神霓飞芒2 | E10: =VLOOKUP(D10,$B$30:$D$42,2,0) -> 1.5781 | F10: =F9 -> 1120 | G10: =G9 -> 1.02 | H10: =H9 -> 0 | I10: =I9 -> 0.373 | J10: =J9 -> 1.5 | K10: =K9 -> 0.50131926 | L10: =L9 -> 0.9 | M10: =E10*F10*(1+G10)*(1+H10)*(1+J10)*K10*L10 -> 4027.178 | N10: =E10*F10*(1+G10)*(1+H10)*(1+I10*J10)*K10*L10 -> 2512.1536 | O10: =VLOOKUP(D10,$B$30:$D$42,3,0) -> E
A11: 通用增伤 | B11: E增伤 | C11: Q增伤 | D11: 凌霄普攻1 | E11: =VLOOKUP(D11,$B$30:$D$42,2,0) -> 0.8862 | F11: =F10 -> 1120 | G11: =G10 -> 1.02 | H11: =H10 -> 0 | I11: =I10 -> 0.373 | J11: =J10 -> 1.5 | K11: =K10 -> 0.50131926 | L11: =L10 -> 0.9 | M11: =E11*F11*(1+G11)*(1+H11)*(1+J11)*K11*L11 -> 2261.5076 | N11: =E11*F11*(1+G11)*(1+H11)*(1+I11*J11)*K11*L11 -> 1410.7284 | O11: =VLOOKUP(D11,$B$30:$D$42,3,0) -> E
A12: 0 | B12: 0 | C12: 0 | D12: 凌霄普攻2 | E12: =VLOOKUP(D12,$B$30:$D$42,2,0) -> 1.2995 | F12: =F11 -> 1120 | G12: =G11 -> 1.02 | H12: =H11 -> 0 | I12: =I11 -> 0.373 | J12: =J11 -> 1.5 | K12: =K11 -> 0.50131926 | L12: =L11 -> 0.9 | M12: =E12*F12*(1+G12)*(1+H12)*(1+J12)*K12*L12 -> 3316.2143 | N12: =E12*F12*(1+G12)*(1+H12)*(1+I12*J12)*K12*L12 -> 2068.6545 | O12: =VLOOKUP(D12,$B$30:$D$42,3,0) -> E
A13: 角色面板 | D13: 凌霄普攻3 | E13: =VLOOKUP(D13,$B$30:$D$42,2,0) -> 1.6574 | F13: =F12 -> 1120 | G13: =G12 -> 1.02 | H13: =H12 -> 0 | I13: =I12 -> 0.373 | J13: =J12 -> 1.5 | K13: =K12 -> 0.50131926 | L13: =L12 -> 0.9 | M13: =E13*F13*(1+G13)*(1+H13)*(1+J13)*K13*L13 -> 4229.5449 | N13: =E13*F13*(1+G13)*(1+H13)*(1+I13*J13)*K13*L13 -> 2638.3901 | O13: =VLOOKUP(D13,$B$30:$D$42,3,0) -> E
A14: 攻击力 | B14: 暴击率 | C14: 暴击伤害 | D14: 熠日 | E14: =VLOOKUP(D14,$B$30:$D$42,2,0) -> 1.1934 | F14: =F13 -> 1120 | G14: =G13 -> 1.02 | H14: =H13 -> 0 | I14: =I13 -> 0.373 | J14: =J13 -> 1.5 | K14: =K13 -> 0.50131926 | L14: =L13 -> 0.9 | M14: =E14*F14*(1+G14)*(1+H14)*(1+J14)*K14*L14 -> 3045.456 | N14: =E14*F14*(1+G14)*(1+H14)*(1+I14*J14)*K14*L14 -> 1899.7555 | O14: =VLOOKUP(D14,$B$30:$D$42,3,0) -> E
A15: =B29+A5+VLOOKUP(B2,武器数据库!C1:E8,3,0)*B29+12%*B29 -> 1120 | B15: =B5+VLOOKUP($B$2,武器数据库!$C:$G,4,0)+8%+5% -> 0.373 | C15: =150%+C5+VLOOKUP($B$2,武器数据库!$C:$G,5,0) -> 1.5 | D15: 柄星 | E15: =VLOOKUP(D15,$B$30:$D$42,2,0) -> 25.7492 | F15: =F14 -> 1120 | G15: =IF(A2>0,80%,0)+G14 -> 1.02 | H15: =H14 -> 0 | I15: =I14 -> 0.373 | J15: =J14 -> 1.5 | K15: =K14 -> 0.50131926 | L15: =L14 -> 0.9 | M15: =E15*F15*(1+G15)*(1+H15)*(1+J15)*K15*L15 -> 65709.784 | N15: =E15*F15*(1+G15)*(1+H15)*(1+I15*J15)*K15*L15 -> 40989.763 | O15: =VLOOKUP(D15,$B$30:$D$42,3,0) -> E
A16: 衍射伤害 | B16: 共鸣技能 | C16: 共鸣解放 | D16: Cost | E16: Cost 4 | F16: Cost 3 | G16: Cost 3 | H16: Cost 1 | I16: Cost 1 | L16: 伤害1 | M16: =SUM(M2:M15) -> 124818.03 | N16: =SUM(N2:N15) -> 77861.489
A17: =A7+20%+IF($B$2="时和岁稔",VLOOKUP($C$2,武器数据库!$K$2:$M$7,2,0),0)+IF($B$2="苍鳞千嶂",VLOOKUP($C$2,武器数据库!$N$2:$P$7,2,0),0) -> 0.32 | B17: =B7 -> 0 | C17: =C7 -> 0 | D17: 主词条 | E17: 双爆 | F17: 衍射伤害 | G17: 衍射伤害 | H17: 攻击力 | I17: 攻击力 | L17: 伤害2
A18: 角色词条数 | L18: 对比 | M18: =IF(M17=0,0,(M16-M17)/M17) -> 0 | N18: =IF(N17=0,0,(N16-N17)/N17) -> 0
A19: 攻击力 | B19: 双爆 | C19: 共鸣技能 | D19: 总词条
A20: =IF((A5-J39*B29-L39)/B29/8.667%<0,0,(A5-J39*B29-L39)/B29/8.667%) -> 0 | B20: =IF((B5*2+C5-I39)/16.8%<0,0,(B5*2+C5-I39)/16.8%) -> 0 | C20: =B17/8.667% -> 0 | D20: =SUM(A20:C20) -> 0
B28: 攻击白值
B29: =VLOOKUP(B2,武器数据库!C:D,2,0)+413 -> 1000 | I29: 双爆 | J29: 攻击力 | K29: 衍射伤害
B30: 技能名称 | C30: 倍率 | D30: 技能类别 | H30: Cost 4 | I30: 0.44 | J30: 0.33 | K30: 0
B31: 凌霄普攻1 | C31: 0.8862 | D31: E | H31: Cost 3 | I31: 0 | J31: 0.3 | K31: 0.3
B32: 凌霄普攻2 | C32: =77.97%+25.99%+25.99% -> 1.2995 | D32: E | H32: Cost 1 | I32: 0 | J32: 0.18 | K32: 0.3
B33: 凌霄普攻3 | C33: =99.44%+66.3% -> 1.6574 | D33: E | I33: 双爆 | J33: 攻击力 | K33: 衍射伤害 | L33: 固定攻击力
B34: 凌霄普攻4 | C34: =18.67%*6+74.67% -> 1.8669 | D34: E | H34: 部位1 | I34: =IF(E17="攻击力",0,44%) -> 0.44 | J34: =IF(E17="攻击力",33%,0) -> 0 | K34: 0 | L34: =IF(E16="Cost 1",0,IF(E16="Cost 4",150,100)) -> 150
B35: 流光夕影 | C35: =19.46%*4+77.84% -> 1.5568 | D35: E | H35: 部位2 | I35: =IF(AND(F16="Cost 4",F17="双爆"),44%,0) -> 0 | J35: =IF(F17="攻击力",IF(F16="Cost 3",30%,33%),0) -> 0 | K35: =IF(AND(F17="衍射伤害",F16="Cost 3"),30%,0) -> 0.3 | L35: =IF(F16="Cost 1",0,IF(F16="Cost 4",150,100)) -> 100
B36: 神霓飞芒1 | C36: =9.87%*4 -> 0.3948 | D36: E | H36: 部位3 | I36: 0 | J36: =IF(G17="攻击力",IF(G16="Cost 3",30%,18%),0) -> 0 | K36: =IF(AND(G17="衍射伤害",G16="Cost 3"),30%,0) -> 0.3 | L36: =IF(G16="Cost 1",0,IF(G16="Cost 4",150,100)) -> 100
B37: 神霓飞芒2 | C37: =29.59%*4+39.45% -> 1.5781 | D37: E | H37: 部位4 | I37: 0 | J37: 0.18 | K37: 0 | L37: =IF(H16="Cost 1",0,IF(H16="Cost 4",150,100)) -> 0
B38: 移岁诛邪 | C38: =499.81%+1166.22%*IF(A2>4,120%,0) -> 4.9981 | D38: Q | H38: 部位5 | I38: 0 | J38: 0.18 | K38: 0 | L38: =IF(I16="Cost 1",0,IF(I16="Cost 4",150,100)) -> 0
B39: 蟠龙清辉 | C39: =159.05%+50% -> 2.0905 | D39: 变奏 | I39: =SUM(I34:I38) -> 0.44 | J39: =SUM(J34:J38) -> 0.36 | K39: =SUM(K34:K38) -> 0.6 | L39: =SUM(L34:L38) -> 350
B40: 熠日 | C40: =19.89%*6 -> 1.1934 | D40: E
B41: 柄星 | C41: =IF(A2<6,1,1.45)*347.92%+IF(A2<6,44.54%*50,44.54%*50*1.45) -> 25.7492 | D41: E
B42: 声骸·角 | C42: =48.64%+19.46%*5+48.64%*2+16%*14 -> 4.6722 | D42: E
